ID,Name,Description,Price,Quantity
1,Product 1,Description for Product 1,10.99,100
2,Product 2,Description for Product 2,20.49,150
3,Product 3,Description for Product 3,15.75,200
4,Product 4,Description for Product 4,8.99,120
5,Product 5,Description for Product 5,25.00,180
6,Product 6,Description for Product 6,12.50,90
7,Product 7,Description for Product 7,18.75,110
8,Product 8,Description for Product 8,30.25,160
9,Product 9,Description for Product 9,22.99,140
10,Product 10,Description for Product 10,16.49,170
11,Product 11,Description for Product 11,11.99,100
12,Product 12,Description for Product 12,9.75,130
13,Product 13,Description for Product 13,24.50,150
14,Product 14,Description for Product 14,13.75,190
15,Product 15,Description for Product 15,28.99,120
16,Product 16,Description for Product 16,19.25,160
17,Product 17,Description for Product 17,14.50,180
18,Product 18,Description for Product 18,7.99,200
19,Product 19,Description for Product 19,21.49,110
20,Product 20,Description for Product 20,17.25,140
21,Product 21,Description for Product 21,10.50,100
22,Product 22,Description for Product 22,27.75,130
23,Product 23,Description for Product 23,15.99,150
24,Product 24,Description for Product 24,18.49,170
25,Product 25,Description for Product 25,23.75,180
26,Product 26,Description for Product 26,29.99,190
27,Product 27,Description for Product 27,12.75,200
28,Product 28,Description for Product 28,8.50,100
29,Product 29,Description for Product 29,16.25,110
30,Product 30,Description for Product 30,20.49,120
31,Product 31,Description for Product 31,14.75,130
32,Product 32,Description for Product 32,26.99,140
33,Product 33,Description for Product 33,19.49,150
34,Product 34,Description for Product 34,22.25,160
35,Product 35,Description for Product 35,9.50,170
36,Product 36,Description for Product 36,11.75,180
37,Product 37,Description for Product 37,28.99,190
38,Product 38,Description for Product 38,17.75,200
39,Product 39,Description for Product 39,24.50,100
40,Product 40,Description for Product 40,13.25,110
41,Product 41,Description for Product 41,30.49,120
42,Product 42,Description for Product 42,25.75,130
43,Product 43,Description for Product 43,14.99,140
44,Product 44,Description for Product 44,8.49,150
45,Product 45,Description for Product 45,19.25,160
46,Product 46,Description for Product 46,11.50,170
47,Product 47,Description for Product 47,27.75,180
48,Product 48,Description for Product 48,16.99,190
49,Product 49,Description for Product 49,20.25,200
50,Product 50,Description for Product 50,12.50,100
51,Product 51,Description for Product 51,29.99,110
52,Product 52,Description for Product 52,9.75,120
53,Product 53,Description for Product 53,15.49,130
54,Product 54,Description for Product 54,18.25,140
55,Product 55,Description for Product 55,23.50,150
56,Product 56,Description for Product 56,10.75,160
57,Product 57,Description for Product 57,7.99,170
58,Product 58,Description for Product 58,21.49,180
59,Product 59,Description for Product 59,14.25,190
60,Product 60,Description for Product 60,17.99,200
61,Product 61,Description for Product 61,24.50,100
62,Product 62,Description for Product 62,13.75,110
63,Product 63,Description for Product 63,30.25,120
64,Product 64,Description for Product 64,25.49,130
65,Product 65,Description for Product 65,12.75,140
66,Product 66,Description for Product 66,16.25,150
67,Product 67,Description for Product 67,19.99,160
68,Product 68,Description for Product 68,22.25,170
69,Product 69,Description for Product 69,11.50,180
70,Product 70,Description for Product 70,8.75,190
71,Product 71,Description for Product 71,28.49,200
72,Product 72,Description for Product 72,18.75,100
73,Product 73,Description for Product 73,15.99,110
74,Product 74,Description for Product 74,20.25,120
75,Product 75,Description for Product 75,23.49,130
76,Product 76,Description for Product 76,10.75,140
77,Product 77,Description for Product 77,9.99,150
78,Product 78,Description for Product 78,26.49,160
79,Product 79,Description for Product 79,17.25,170
80,Product 80,Description for Product 80,14.50,180
81,Product 81,Description for Product 81,21.99,190
82,Product 82,Description for Product 82,12.25,200
83,Product 83,Description for Product 83,8.99,100
84,Product 84,Description for Product 84,30.75,110
85,Product 85,Description for Product 85,19.49,120
86,Product 86,Description for Product 86,11.25,130
87,Product 87,Description for Product 87,27.99,140
88,Product 88,Description for Product 88,16.75,150
89,Product 89,Description for Product 89,22.25,160
90,Product 90,Description for Product 90,14.50,170
91,Product 91,Description for Product 91,10.99,180
92,Product 92,Description for Product 92,28.25,190
93,Product 93,Description for Product 93,17.49,200
94,Product 94,Description for Product 94,25.75,100
95,Product 95,Description for Product 95,9.25,110
96,Product 96,Description for Product 96,13.99,120
97,Product 97,Description for Product 97,22.25,130
98,Product 98,Description for Product 98,18.50,140
99,Product 99,Description for Product 99,16.75,150
100,Product 100,Description for Product 100,20.99,160